{
  "id": "4446648",
  "name": "power_carrier",
  "font_family": "iconfont",
  "css_prefix_text": "icon-",
  "description": "",
  "glyphs": [
    {
      "icon_id": "34273114",
      "name": "新建文件",
      "font_class": "xinjianwenjian",
      "unicode": "e657",
      "unicode_decimal": 58967
    },
    {
      "icon_id": "445237",
      "name": "退出",
      "font_class": "tuichu",
      "unicode": "e67b",
      "unicode_decimal": 59003
    },
    {
      "icon_id": "2815731",
      "name": "退出",
      "font_class": "tuichu1",
      "unicode": "e602",
      "unicode_decimal": 58882
    },
    {
      "icon_id": "2815727",
      "name": "素材",
      "font_class": "sucai",
      "unicode": "e603",
      "unicode_decimal": 58883
    },
    {
      "icon_id": "9365057",
      "name": "另存为",
      "font_class": "lingcunwei",
      "unicode": "e604",
      "unicode_decimal": 58884
    },
    {
      "icon_id": "28063555",
      "name": "保存文件",
      "font_class": "baocunwenjian",
      "unicode": "e632",
      "unicode_decimal": 58930
    },
    {
      "icon_id": "5901135",
      "name": "左",
      "font_class": "zuo1",
      "unicode": "e622",
      "unicode_decimal": 58914
    },
    {
      "icon_id": "5901133",
      "name": "右",
      "font_class": "you3",
      "unicode": "e621",
      "unicode_decimal": 58913
    },
    {
      "icon_id": "5901138",
      "name": "上",
      "font_class": "shang",
      "unicode": "e623",
      "unicode_decimal": 58915
    },
    {
      "icon_id": "5901139",
      "name": "下",
      "font_class": "xia",
      "unicode": "e624",
      "unicode_decimal": 58916
    },
    {
      "icon_id": "12507236",
      "name": "开启",
      "font_class": "kaiqi8",
      "unicode": "e6a3",
      "unicode_decimal": 59043
    },
    {
      "icon_id": "29230649",
      "name": "开启",
      "font_class": "kaiqi10",
      "unicode": "e60a",
      "unicode_decimal": 58890
    },
    {
      "icon_id": "5387735",
      "name": "眼睛_隐藏",
      "font_class": "yanjing_yincang",
      "unicode": "eb45",
      "unicode_decimal": 60229
    },
    {
      "icon_id": "5387736",
      "name": "眼睛_显示",
      "font_class": "yanjing_xianshi",
      "unicode": "eb46",
      "unicode_decimal": 60230
    },
    {
      "icon_id": "1135950",
      "name": "电源",
      "font_class": "power",
      "unicode": "e615",
      "unicode_decimal": 58901
    },
    {
      "icon_id": "10749927",
      "name": "选项",
      "font_class": "xuanxiang",
      "unicode": "e61a",
      "unicode_decimal": 58906
    },
    {
      "icon_id": "18866396",
      "name": "选项",
      "font_class": "xuanxiang1",
      "unicode": "e6c2",
      "unicode_decimal": 59074
    },
    {
      "icon_id": "1130",
      "name": "锁定",
      "font_class": "suoding",
      "unicode": "e600",
      "unicode_decimal": 58880
    },
    {
      "icon_id": "1334",
      "name": "解锁",
      "font_class": "jiesuo",
      "unicode": "e601",
      "unicode_decimal": 58881
    }
  ]
}
